"2021年度文化祭","1","2021"
"NBGA","2021NBGA.zip","2021NBGA.png","NPCA国の都市にて警察になったり、テロ組織の一員になったりして都市を走り回るゲームです。だいぶ高難易度&amp;壁の判定がシビアですががんばってください。"
"2018年度文化祭","2","2018"
"Space Wars","2018space_wars.zip","2018space_wars.png","FPSゲームです。真ん中あたりにいる紫のボスを倒しましょう。外にあるBOXに入ると(緑色の光)HPを回復できます。裏ゴールがあるかもしれません"
"PENGU SKATE","2018pengu_skate.zip","2018pengu_skate.png","ペンギンをジャンプさせて障害物を避けるゲームです。"
"2017年度文化祭","2","2017"
"迷路","2017maze.zip","2017maze.png","緑の丸を操作してゴールを目指す、単純な迷路です。"
"セルリアン叩き","2017whack-a-cerulean.zip","2017cerulean.png","モグラ叩きならぬセルリアン叩きです。画面に出てくるセルリアンを叩いてやっつけてください。"
"2015年度文化祭","3","2015","2015.zip"
"神経衰弱","2015shinkeisuijaku.zip","2015shinkeisuijaku.png","シンプルな神経衰弱です"
"Web-othello","2015Web-othello.zip","2015WebOthello.png","ブラウザ上で動くオセロです。(インストールはパソコンに詳しい人向けとなっております。)"
"上昇エレベーター","2015ZyosyoElevator.zip","2015ZyoshoElevator.jpg","エレベーターで屋上に向かうゲームです。"
"2014年度文化祭","5","2014","2014.zip"
"PIGS ADVANCE","2014PIGS_ADVANCE.zip","2014PIGS_ADVANCE.png","えさを求めて迫りくる巨大な豚を大砲で駆逐して食料を得るゲーム"
"RideBike","2014RideBike.zip","2014RideBike.png","自転車でできるだけ遠くまで壁にぶつからずに走るゲーム"
"量子どうぶつしょうぎ","2014RyoshiDobutsuShogi.zip","2014RyoshiDobutsuShogi.png","話題沸騰の「量子将棋」と簡潔で美しい「どうぶつしょうぎ」を組み合わせたゲーム"
"Gravity Master","2014GMaster.zip","2014Gravity_Master.png","重力を自由に操れるアクションゲーム"
"CarDrive","2014CarDrive.zip","2014CarDrive.png","電気自動車を運転し、進んだ距離を競うゲーム"
"2013年度文化祭","6","2013","2013.zip"
"空からりんごが降ってきた！","2013FallenApple.zip","2013FallenApple.png","空から落ちてくるApple製品を拾うゲーム"
"Set","2013set.zip","2013set.png","条件にあった3つ組をみつける、簡単そうで難しい、奥の深いカードゲーム"
"RandPack","2013RandPack.zip","2013RandPack.jpg","ステージがランダムに生成されるパックマン"
"Auto Jump","2013AutoJump.zip","2013AutoJump.png","ジャンプし続けるボールを操作してゴールに導くゲーム"
"Kanimiso Classic","2013Kanimiso_Classic.zip","2013Kanimiso_Classic.png","加速する球を操作して相手を倒すゲーム。20年前のレトロゲームの復刻版"
"npca","2013next_generation.png","2013next_generation.png","絵　作者：十馬力 a.k.a. 全人類の緋想天"
"2011年度文化祭","7","2011","2011.zip"
"1945",2011_1945.zip,2011 1945.png,"太平洋戦争をモチーフにしたシューティングゲーム"
"あずまシューティング",2011Azuma Shooting.zip,2011Azuma Shooting.png,"毎年恒例の弾幕系シューティングゲーム"
"Beam",2011beam.zip,2011beam.png,"反射するビームを使って敵を倒すゲーム"
"ベータシューティング",2011Beta Shooting.zip,2011Beta Shooting.png,"UFOを倒すシューティングゲーム"
"JUMP",2011JUMP.zip,2011JUMP.png,"ジャンプする主人公をゴールまで導くアクションゲーム"
"S-Shot",2011S-Shot.zip,2011S-Shot.png,"毎年恒例の弾幕系シューティングゲーム"
"SuperBall",2011Super Ball.zip,2011Super Ball.png,"丸い主人公をゴールまで導くアクションゲーム"
"2010年度文化祭","3","2010"
"ActionBall",2010ActionBall.zip,2010ActionBall.png,"去年(2009)のThermoBallの続編　ステージ増量"
"Guerrilla-Live",2010Guerrilla-Live.zip,2010Guerrilla-Live.png,"周りからやってくる大腸菌を倒しながら生き残るシューティングゲーム"
"GunFire",2010GunFire.zip,2010GunFire.png,"アヒルを操作しながら敵艦隊を撃退するシューティングゲーム"
"2009年度文化祭","3","2009"
"ThermoBall",2009thermoball.lzh,2009thermoball.png,"温度によって速度の変わる正方形を操作してゴールに導くゲーム"
"SpeedRace",2009speedrace.lzh,2009speedrace.png,"山道や崖をできるだけ早く車で走り抜けるゲーム ランキング機能付き"
"四方ブロック崩し",2009sihou.lzh,2009sihou.png,"四方向からボールを跳ね返せる、進化したブロックくずしゲーム"
"2008年度文化祭","2","2008"
"すう○く",2008sudoku.lzh,2008sudoku.png,"割と有名なあのゲームに似ている全く無関係な数字を埋めていくゲーム。"
"チェッカー",2008checker.lzh,2008checker.png,"かの有名なボードゲーム、チェッカー"
"2006年度文化祭","2","2006"
"モンキー",2006monkey.lzh,2006monkey.png,"猿が迫りくる弾幕と戦うゲーム"
"カードゲーム",2006card.lzh,2006card.png,"一風変わったカードゲーム"
"2005年度文化祭","1","2005"
"シューティング2005",2005shooting.lzh,2005shooting.png,"毎年恒例の弾幕ゲーム"
"2004年度文化祭","4","2004"
"Robot",2004robot.lzh,2004robot.png,"ロボットを操作してゴールまで導くゲーム"
"ろてだん",2004rotedan.lzh,2004rotedan.png,"迫りくる弾幕をよけながら進むゲーム"
"サバイバル",2004survival.lzh,2004survival.png,"ライフを減らさないようにゴールを目指すゲーム"
"ウィンドウコントローラ",2004window.lzh,2004window.png,"ウィンドウを透過したりコントロールするソフトウェア"
